,mse,mae,rmse,r2_score
train,7.791191897932452,1.5227144436579658,2.7912706600995274,0.8703679756823065
train_mean_120,120.92680239446258,9.052029023281722,10.996672332776974,-119.92680239446258
test,10.56233734671526,1.6257973951310773,3.249974976321396,0.8491735784624697
test_mean_120,132.51241743130709,9.350999473481622,11.511403799333385,-115.38947146830081
