,alpha_1,alpha_2,lambda_1,lambda_2
0,9.043554818942979e-05,5.045973247813563e-05,8.821153451611732e-09,9.998387315027677e-05
