,alpha,l1_ratio
0,0.16602006351709156,0.9996529594166953
