,alpha_1,alpha_2,lambda_1,lambda_2
0,9.648556383440655e-05,4.927279168207938e-05,5.3246118558117186e-08,9.999480771893955e-05
