,alpha,l1_ratio
0,0.18462909141123302,0.9999859174482343
